id,name,price,category,brand,description
1,OutdoorLiving Lite 텐트,68.7,텐트,OutdoorLiving,내구성 있는 폴리에스터로 제작된 텐트입니다. 방수 기능과 우수한 통풍성을 제공합니다.
2,HikeMate X 배낭,251.0,배낭,HikeMate,"인체공학적 디자인의 배낭으로, 여러 수납공간과 경량 구조를 갖추고 있습니다."
3,SitWell Pro 캠핑 의자,108.9,캠핑 의자,SitWell,"접이식 구조로 휴대가 간편하며, 튼튼한 프레임과 편안한 등받이를 갖추고 있습니다."
4,FireGear Pro 취사 도구,288.9,취사 도구,FireGear,야외 요리를 위한 경량 스테인리스 조리도구 세트입니다.
5,FoldX Max 캠핑 의자,249.6,캠핑 의자,FoldX,"접이식 구조로 휴대가 간편하며, 튼튼한 프레임과 편안한 등받이를 갖추고 있습니다."
6,FireGear Plus 취사 도구,55.1,취사 도구,FireGear,야외 요리를 위한 경량 스테인리스 조리도구 세트입니다.
7,PeakWear Plus 등산 의류,217.3,등산 의류,PeakWear,"방풍 및 발수 기능이 있는 재킷으로, 조절 가능한 후드와 지퍼 포켓을 제공합니다."
8,PackSmart Max 배낭,202.5,배낭,PackSmart,"인체공학적 디자인의 배낭으로, 여러 수납공간과 경량 구조를 갖추고 있습니다."
9,PackSmart Lite 배낭,51.3,배낭,PackSmart,"인체공학적 디자인의 배낭으로, 여러 수납공간과 경량 구조를 갖추고 있습니다."
10,MountainStyle Lite 등산 의류,120.8,등산 의류,MountainStyle,"방풍 및 발수 기능이 있는 재킷으로, 조절 가능한 후드와 지퍼 포켓을 제공합니다."
11,FireGear Max 취사 도구,34.3,취사 도구,FireGear,야외 요리를 위한 경량 스테인리스 조리도구 세트입니다.
12,FireGear Plus 취사 도구,103.8,취사 도구,FireGear,야외 요리를 위한 경량 스테인리스 조리도구 세트입니다.
13,GlowLite Plus 랜턴,81.8,랜턴,GlowLite,"충전식 배터리를 사용하며, 다양한 밝기 조절 기능을 제공합니다."
14,BrightPath Lite 랜턴,208.0,랜턴,BrightPath,"충전식 배터리를 사용하며, 다양한 밝기 조절 기능을 제공합니다."
15,TrailPro Max 텐트,261.1,텐트,TrailPro,내구성 있는 폴리에스터로 제작된 텐트입니다. 방수 기능과 우수한 통풍성을 제공합니다.
16,FoldX Plus 캠핑 의자,214.8,캠핑 의자,FoldX,"접이식 구조로 휴대가 간편하며, 튼튼한 프레임과 편안한 등받이를 갖추고 있습니다."
17,FoldX Lite 캠핑 의자,48.5,캠핑 의자,FoldX,"접이식 구조로 휴대가 간편하며, 튼튼한 프레임과 편안한 등받이를 갖추고 있습니다."
18,CampKing Plus 텐트,147.7,텐트,CampKing,내구성 있는 폴리에스터로 제작된 텐트입니다. 방수 기능과 우수한 통풍성을 제공합니다.
19,SitWell Max 캠핑 의자,213.1,캠핑 의자,SitWell,"접이식 구조로 휴대가 간편하며, 튼튼한 프레임과 편안한 등받이를 갖추고 있습니다."
20,HikeMate Max 배낭,292.9,배낭,HikeMate,"인체공학적 디자인의 배낭으로, 여러 수납공간과 경량 구조를 갖추고 있습니다."
21,BrightPath Max 랜턴,102.4,랜턴,BrightPath,"충전식 배터리를 사용하며, 다양한 밝기 조절 기능을 제공합니다."
22,BrightPath Max 랜턴,212.8,랜턴,BrightPath,"충전식 배터리를 사용하며, 다양한 밝기 조절 기능을 제공합니다."
23,TrailPro Plus 텐트,155.5,텐트,TrailPro,내구성 있는 폴리에스터로 제작된 텐트입니다. 방수 기능과 우수한 통풍성을 제공합니다.
24,CampKing Lite 텐트,94.5,텐트,CampKing,내구성 있는 폴리에스터로 제작된 텐트입니다. 방수 기능과 우수한 통풍성을 제공합니다.
25,BrightPath Max 랜턴,110.9,랜턴,BrightPath,"충전식 배터리를 사용하며, 다양한 밝기 조절 기능을 제공합니다."
26,CampChef Lite 취사 도구,125.0,취사 도구,CampChef,야외 요리를 위한 경량 스테인리스 조리도구 세트입니다.
27,CookMaster Lite 취사 도구,159.6,취사 도구,CookMaster,야외 요리를 위한 경량 스테인리스 조리도구 세트입니다.
28,CookMaster X 취사 도구,209.1,취사 도구,CookMaster,야외 요리를 위한 경량 스테인리스 조리도구 세트입니다.
29,FireGear X 취사 도구,52.6,취사 도구,FireGear,야외 요리를 위한 경량 스테인리스 조리도구 세트입니다.
30,CampKing Max 텐트,167.8,텐트,CampKing,내구성 있는 폴리에스터로 제작된 텐트입니다. 방수 기능과 우수한 통풍성을 제공합니다.
31,LightWay Max 랜턴,31.2,랜턴,LightWay,"충전식 배터리를 사용하며, 다양한 밝기 조절 기능을 제공합니다."
32,SitWell Lite 캠핑 의자,58.5,캠핑 의자,SitWell,"접이식 구조로 휴대가 간편하며, 튼튼한 프레임과 편안한 등받이를 갖추고 있습니다."
33,PeakWear Plus 등산 의류,235.2,등산 의류,PeakWear,"방풍 및 발수 기능이 있는 재킷으로, 조절 가능한 후드와 지퍼 포켓을 제공합니다."
34,SitWell Plus 캠핑 의자,273.8,캠핑 의자,SitWell,"접이식 구조로 휴대가 간편하며, 튼튼한 프레임과 편안한 등받이를 갖추고 있습니다."
35,CampEase X 캠핑 의자,89.3,캠핑 의자,CampEase,"접이식 구조로 휴대가 간편하며, 튼튼한 프레임과 편안한 등받이를 갖추고 있습니다."
36,CookMaster Pro 취사 도구,231.5,취사 도구,CookMaster,야외 요리를 위한 경량 스테인리스 조리도구 세트입니다.
37,CampChef X 취사 도구,264.1,취사 도구,CampChef,야외 요리를 위한 경량 스테인리스 조리도구 세트입니다.
38,CampKing Lite 텐트,99.1,텐트,CampKing,내구성 있는 폴리에스터로 제작된 텐트입니다. 방수 기능과 우수한 통풍성을 제공합니다.
39,MountainStyle Pro 등산 의류,219.2,등산 의류,MountainStyle,"방풍 및 발수 기능이 있는 재킷으로, 조절 가능한 후드와 지퍼 포켓을 제공합니다."
40,LightWay X 랜턴,200.2,랜턴,LightWay,"충전식 배터리를 사용하며, 다양한 밝기 조절 기능을 제공합니다."
41,CampChef Plus 취사 도구,58.5,취사 도구,CampChef,야외 요리를 위한 경량 스테인리스 조리도구 세트입니다.
42,FoldX Max 캠핑 의자,287.1,캠핑 의자,FoldX,"접이식 구조로 휴대가 간편하며, 튼튼한 프레임과 편안한 등받이를 갖추고 있습니다."
43,CampKing Pro 텐트,245.2,텐트,CampKing,내구성 있는 폴리에스터로 제작된 텐트입니다. 방수 기능과 우수한 통풍성을 제공합니다.
44,HikeMate Plus 배낭,165.1,배낭,HikeMate,"인체공학적 디자인의 배낭으로, 여러 수납공간과 경량 구조를 갖추고 있습니다."
45,CampKing Pro 텐트,40.8,텐트,CampKing,내구성 있는 폴리에스터로 제작된 텐트입니다. 방수 기능과 우수한 통풍성을 제공합니다.
46,PeakWear Pro 등산 의류,183.7,등산 의류,PeakWear,"방풍 및 발수 기능이 있는 재킷으로, 조절 가능한 후드와 지퍼 포켓을 제공합니다."
47,HikeMate Pro 배낭,209.6,배낭,HikeMate,"인체공학적 디자인의 배낭으로, 여러 수납공간과 경량 구조를 갖추고 있습니다."
48,HikeMate X 배낭,111.1,배낭,HikeMate,"인체공학적 디자인의 배낭으로, 여러 수납공간과 경량 구조를 갖추고 있습니다."
49,FireGear Lite 취사 도구,245.9,취사 도구,FireGear,야외 요리를 위한 경량 스테인리스 조리도구 세트입니다.
50,TrailPro Max 텐트,263.9,텐트,TrailPro,내구성 있는 폴리에스터로 제작된 텐트입니다. 방수 기능과 우수한 통풍성을 제공합니다.
51,PeakWear Max 등산 의류,163.4,등산 의류,PeakWear,"방풍 및 발수 기능이 있는 재킷으로, 조절 가능한 후드와 지퍼 포켓을 제공합니다."
52,SitWell X 캠핑 의자,56.0,캠핑 의자,SitWell,"접이식 구조로 휴대가 간편하며, 튼튼한 프레임과 편안한 등받이를 갖추고 있습니다."
53,CampChef Lite 취사 도구,173.5,취사 도구,CampChef,야외 요리를 위한 경량 스테인리스 조리도구 세트입니다.
54,CampKing Max 텐트,232.5,텐트,CampKing,내구성 있는 폴리에스터로 제작된 텐트입니다. 방수 기능과 우수한 통풍성을 제공합니다.
55,GlowLite Max 랜턴,39.1,랜턴,GlowLite,"충전식 배터리를 사용하며, 다양한 밝기 조절 기능을 제공합니다."
56,FoldX Lite 캠핑 의자,180.9,캠핑 의자,FoldX,"접이식 구조로 휴대가 간편하며, 튼튼한 프레임과 편안한 등받이를 갖추고 있습니다."
57,TrailPro X 텐트,111.5,텐트,TrailPro,내구성 있는 폴리에스터로 제작된 텐트입니다. 방수 기능과 우수한 통풍성을 제공합니다.
58,LightWay X 랜턴,197.5,랜턴,LightWay,"충전식 배터리를 사용하며, 다양한 밝기 조절 기능을 제공합니다."
59,FoldX X 캠핑 의자,39.8,캠핑 의자,FoldX,"접이식 구조로 휴대가 간편하며, 튼튼한 프레임과 편안한 등받이를 갖추고 있습니다."
60,PackSmart Pro 배낭,106.8,배낭,PackSmart,"인체공학적 디자인의 배낭으로, 여러 수납공간과 경량 구조를 갖추고 있습니다."
61,HikeMate X 배낭,120.9,배낭,HikeMate,"인체공학적 디자인의 배낭으로, 여러 수납공간과 경량 구조를 갖추고 있습니다."
62,FireGear X 취사 도구,248.8,취사 도구,FireGear,야외 요리를 위한 경량 스테인리스 조리도구 세트입니다.
63,CampEase Max 캠핑 의자,285.1,캠핑 의자,CampEase,"접이식 구조로 휴대가 간편하며, 튼튼한 프레임과 편안한 등받이를 갖추고 있습니다."
64,CampEase X 캠핑 의자,204.1,캠핑 의자,CampEase,"접이식 구조로 휴대가 간편하며, 튼튼한 프레임과 편안한 등받이를 갖추고 있습니다."
65,LightWay Lite 랜턴,66.5,랜턴,LightWay,"충전식 배터리를 사용하며, 다양한 밝기 조절 기능을 제공합니다."
66,FireGear Lite 취사 도구,211.0,취사 도구,FireGear,야외 요리를 위한 경량 스테인리스 조리도구 세트입니다.
67,ClimbZone Pro 등산 의류,215.5,등산 의류,ClimbZone,"방풍 및 발수 기능이 있는 재킷으로, 조절 가능한 후드와 지퍼 포켓을 제공합니다."
68,CampEase Lite 캠핑 의자,171.5,캠핑 의자,CampEase,"접이식 구조로 휴대가 간편하며, 튼튼한 프레임과 편안한 등받이를 갖추고 있습니다."
69,CampKing Plus 텐트,109.6,텐트,CampKing,내구성 있는 폴리에스터로 제작된 텐트입니다. 방수 기능과 우수한 통풍성을 제공합니다.
70,OutdoorLiving Pro 텐트,225.5,텐트,OutdoorLiving,내구성 있는 폴리에스터로 제작된 텐트입니다. 방수 기능과 우수한 통풍성을 제공합니다.
71,TrailPro X 텐트,111.3,텐트,TrailPro,내구성 있는 폴리에스터로 제작된 텐트입니다. 방수 기능과 우수한 통풍성을 제공합니다.
72,LightWay Pro 랜턴,191.1,랜턴,LightWay,"충전식 배터리를 사용하며, 다양한 밝기 조절 기능을 제공합니다."
73,LightWay Plus 랜턴,83.7,랜턴,LightWay,"충전식 배터리를 사용하며, 다양한 밝기 조절 기능을 제공합니다."
74,BrightPath X 랜턴,228.6,랜턴,BrightPath,"충전식 배터리를 사용하며, 다양한 밝기 조절 기능을 제공합니다."
75,LightWay X 랜턴,184.1,랜턴,LightWay,"충전식 배터리를 사용하며, 다양한 밝기 조절 기능을 제공합니다."
76,MountainStyle Plus 등산 의류,251.1,등산 의류,MountainStyle,"방풍 및 발수 기능이 있는 재킷으로, 조절 가능한 후드와 지퍼 포켓을 제공합니다."
77,FireGear Plus 취사 도구,202.4,취사 도구,FireGear,야외 요리를 위한 경량 스테인리스 조리도구 세트입니다.
78,BrightPath X 랜턴,70.0,랜턴,BrightPath,"충전식 배터리를 사용하며, 다양한 밝기 조절 기능을 제공합니다."
79,LightWay Pro 랜턴,32.3,랜턴,LightWay,"충전식 배터리를 사용하며, 다양한 밝기 조절 기능을 제공합니다."
80,FoldX X 캠핑 의자,144.7,캠핑 의자,FoldX,"접이식 구조로 휴대가 간편하며, 튼튼한 프레임과 편안한 등받이를 갖추고 있습니다."
81,SitWell Lite 캠핑 의자,264.9,캠핑 의자,SitWell,"접이식 구조로 휴대가 간편하며, 튼튼한 프레임과 편안한 등받이를 갖추고 있습니다."
82,CampKing X 텐트,194.2,텐트,CampKing,내구성 있는 폴리에스터로 제작된 텐트입니다. 방수 기능과 우수한 통풍성을 제공합니다.
83,CampKing Max 텐트,47.1,텐트,CampKing,내구성 있는 폴리에스터로 제작된 텐트입니다. 방수 기능과 우수한 통풍성을 제공합니다.
84,BrightPath Plus 랜턴,38.2,랜턴,BrightPath,"충전식 배터리를 사용하며, 다양한 밝기 조절 기능을 제공합니다."
85,CampKing Lite 텐트,35.2,텐트,CampKing,내구성 있는 폴리에스터로 제작된 텐트입니다. 방수 기능과 우수한 통풍성을 제공합니다.
86,MountainStyle Plus 등산 의류,229.7,등산 의류,MountainStyle,"방풍 및 발수 기능이 있는 재킷으로, 조절 가능한 후드와 지퍼 포켓을 제공합니다."
87,BrightPath Max 랜턴,194.4,랜턴,BrightPath,"충전식 배터리를 사용하며, 다양한 밝기 조절 기능을 제공합니다."
88,TrailPro Lite 텐트,234.9,텐트,TrailPro,내구성 있는 폴리에스터로 제작된 텐트입니다. 방수 기능과 우수한 통풍성을 제공합니다.
89,TrailPro X 텐트,150.0,텐트,TrailPro,내구성 있는 폴리에스터로 제작된 텐트입니다. 방수 기능과 우수한 통풍성을 제공합니다.
90,OutdoorLiving Plus 텐트,272.9,텐트,OutdoorLiving,내구성 있는 폴리에스터로 제작된 텐트입니다. 방수 기능과 우수한 통풍성을 제공합니다.
91,OutdoorLiving Pro 텐트,30.9,텐트,OutdoorLiving,내구성 있는 폴리에스터로 제작된 텐트입니다. 방수 기능과 우수한 통풍성을 제공합니다.
92,CampChef Pro 취사 도구,55.9,취사 도구,CampChef,야외 요리를 위한 경량 스테인리스 조리도구 세트입니다.
93,OutdoorLiving Plus 텐트,208.5,텐트,OutdoorLiving,내구성 있는 폴리에스터로 제작된 텐트입니다. 방수 기능과 우수한 통풍성을 제공합니다.
94,HikeMate Lite 배낭,59.5,배낭,HikeMate,"인체공학적 디자인의 배낭으로, 여러 수납공간과 경량 구조를 갖추고 있습니다."
95,TrailPro X 텐트,165.2,텐트,TrailPro,내구성 있는 폴리에스터로 제작된 텐트입니다. 방수 기능과 우수한 통풍성을 제공합니다.
96,GlowLite Max 랜턴,260.3,랜턴,GlowLite,"충전식 배터리를 사용하며, 다양한 밝기 조절 기능을 제공합니다."
97,ClimbZone Max 등산 의류,139.9,등산 의류,ClimbZone,"방풍 및 발수 기능이 있는 재킷으로, 조절 가능한 후드와 지퍼 포켓을 제공합니다."
98,TrailPack Pro 배낭,183.4,배낭,TrailPack,"인체공학적 디자인의 배낭으로, 여러 수납공간과 경량 구조를 갖추고 있습니다."
99,FoldX Pro 캠핑 의자,81.6,캠핑 의자,FoldX,"접이식 구조로 휴대가 간편하며, 튼튼한 프레임과 편안한 등받이를 갖추고 있습니다."
100,LightWay Lite 랜턴,90.7,랜턴,LightWay,"충전식 배터리를 사용하며, 다양한 밝기 조절 기능을 제공합니다."
